INDEX,Cluster_ID
P10275_S83,Cluster_0
P10275_S96,Cluster_1
P10275_S516,Cluster_2
P10275_Y535,Cluster_3
P10275_S651,Cluster_4
P10275_T851,Cluster_5
P15336_T52,Cluster_6
P15336_S121,Cluster_7
P17676_S288,Cluster_8
O15516_T451,Cluster_9
O15516_T461,Cluster_10
Q9UI36_S491,Cluster_11
Q9UI36_S493,Cluster_11
Q9UI36_S581,Cluster_12
P15923_S39,Cluster_13
Q01094_S332,Cluster_14
Q16254_S244,Cluster_15
Q16254_S384,Cluster_16
P43268_Y392,Cluster_17
Q08050_S25,Cluster_18
O43524_S7,Cluster_19
O43524_S209,Cluster_20
Q12778_S212,Cluster_20
Q12778_S218,Cluster_20
O43524_S574,Cluster_21
P08151_S84,Cluster_22
P10070_S234,Cluster_22
P08151_T394,Cluster_23
P08151_S1089,Cluster_24
P10070_S149,Cluster_25
Q9NZI5_S76,Cluster_26
P78347_Y248,Cluster_27
Q9ULV5_T471,Cluster_28
Q13568_S435,Cluster_29
Q14814_S251,Cluster_30
Q13469_S79,Cluster_31
O95644_Y371,Cluster_32
Q04206_S276,Cluster_33
Q04206_S281,Cluster_33
Q04206_S316,Cluster_34
Q04206_S529,Cluster_35
Q04206_S536,Cluster_35
Q96RI1_Y77,Cluster_36
Q16656_T259,Cluster_37
P06401_S294,Cluster_38
P84022_T179,Cluster_39
P84022_S416,Cluster_40
P84022_S418,Cluster_40
O95863_S246,Cluster_41
P48436_S64,Cluster_42
P48436_S181,Cluster_43
P42224_Y701,Cluster_44
P52630_Y690,Cluster_45
P40763_Y705,Cluster_46
Q14765_Y693,Cluster_47
P42229_Y694,Cluster_48
P42226_S407,Cluster_49
P42226_Y641,Cluster_50
O15119_S719,Cluster_51
P67809_T89,Cluster_52
P67809_S102,Cluster_53
P67809_S165,Cluster_54
P67809_S176,Cluster_55
P67809_Y281,Cluster_56
Q01196_S67,Cluster_57
Q13761_S71,Cluster_57
Q01196_T207,Cluster_58
Q96RK0_S1082,Cluster_59
Q96RK0_S1210,Cluster_60
O15516_S106,Cluster_61
Q01094_S403,Cluster_62
Q01094_T433,Cluster_63
P03372_Y537,Cluster_64
P50548_S161,Cluster_65
P50548_S246,Cluster_66
P50548_S251,Cluster_66
P50548_T526,Cluster_67
Q9Y261_T156,Cluster_68
O43524_T32,Cluster_69
O43524_S253,Cluster_70
O43524_S315,Cluster_71
O43524_S318,Cluster_71
O43524_S644,Cluster_72
P01106_Y89,Cluster_73
O95644_S245,Cluster_74
O95644_S294,Cluster_75
Q04206_S205,Cluster_76
Q01860_S111,Cluster_77
P04637_T55,Cluster_78
P04637_S367,Cluster_79
P04637_S376,Cluster_79
O95863_S11,Cluster_80
O95863_S96,Cluster_81
O95863_S100,Cluster_81
P42229_S726,Cluster_82
P41212_S257,Cluster_83
P19532_S246,Cluster_84
P41235_Y288,Cluster_85
P41235_Y286,Cluster_85
Q00613_S230,Cluster_86
Q13761_T151,Cluster_87
Q13761_T155,Cluster_87
Q13761_S149,Cluster_87
Q13761_T153,Cluster_87
Q12778_T402,Cluster_88
Q12778_S394,Cluster_88
O94916_S134,Cluster_89
O94916_T135,Cluster_89
Q16236_T369,Cluster_90
Q00613_S303,Cluster_91
Q00613_S307,Cluster_91
O94916_S158,Cluster_92
O94916_S155,Cluster_92
Q12778_T649,Cluster_93
P98177_T455,Cluster_94
P98177_T451,Cluster_94
Q03060_S271,Cluster_95
Q00613_S320,Cluster_96
Q13761_T209,Cluster_97
Q14653_Y107,Cluster_98
Q14653_S398,Cluster_99
Q12778_T24,Cluster_100
P19484_S467,Cluster_101
P19532_S567,Cluster_101
P19532_S568,Cluster_101
P19532_S570,Cluster_101
Q12778_S276,Cluster_102
Q13422_S364,Cluster_103
Q13422_S361,Cluster_103
P08235_T800,Cluster_104
P08235_S936,Cluster_105
P08235_Y134,Cluster_106
P08235_S129,Cluster_106
P08235_S127,Cluster_106
P17676_Y249,Cluster_107
P17676_S257,Cluster_107
P67809_Y208,Cluster_108
P40763_Y45,Cluster_109
P42224_Y203,Cluster_110
O15516_Y331,Cluster_111
P17676_Y139,Cluster_112
P17676_Y137,Cluster_112
P17676_S141,Cluster_112
P50548_Y324,Cluster_113
P50548_Y322,Cluster_113
P50548_S320,Cluster_113
P50548_S327,Cluster_113
P41212_Y447,Cluster_114
P41212_S439,Cluster_114
P42226_Y829,Cluster_115
P42226_S827,Cluster_115
P84022_Y88,Cluster_116
P19484_Y413,Cluster_117
P40763_Y79,Cluster_118
P40763_S75,Cluster_118
P78347_Y503,Cluster_119
Q13469_Y813,Cluster_120
Q13469_S814,Cluster_120
Q13469_T816,Cluster_120
O95644_Y709,Cluster_121
P40763_Y22,Cluster_122
P40763_Y14,Cluster_122
P40763_S23,Cluster_122
P50548_Y16,Cluster_123
P50548_S20,Cluster_123
P50548_S21,Cluster_123
P50548_S24,Cluster_123
P50548_T7,Cluster_123
P41212_Y27,Cluster_124
P41212_T31,Cluster_124
P41212_S30,Cluster_124
P41212_S26,Cluster_124
P41212_S22,Cluster_124
P41212_S29,Cluster_124
Q01196_Y260,Cluster_125
Q01196_Y254,Cluster_125
Q01196_Y258,Cluster_125
Q01196_S266,Cluster_125
Q01196_S257,Cluster_125
Q01196_S263,Cluster_125
Q01196_S253,Cluster_125
P40763_Y539,Cluster_126
P40763_S540,Cluster_126
P19484_Y100,Cluster_127
P19484_T99,Cluster_127
P19484_S97,Cluster_127
P42229_Y90,Cluster_128
P41212_Y314,Cluster_129
P41212_S323,Cluster_129
P41212_S307,Cluster_129
P41212_S321,Cluster_129
P50548_Y116,Cluster_130
Q14814_Y478,Cluster_131
Q14814_S472,Cluster_131
Q14814_S471,Cluster_131
P41212_Y17,Cluster_132
P41212_T18,Cluster_132
P41212_S16,Cluster_132
P41212_S9,Cluster_132
O94916_Y235,Cluster_133
O94916_T242,Cluster_133
O94916_T241,Cluster_133
O94916_S238,Cluster_133
O94916_S229,Cluster_133
Q13469_Y752,Cluster_134
Q13469_S755,Cluster_134
Q13469_S759,Cluster_134
Q13469_S757,Cluster_134
Q13469_Y765,Cluster_135
Q13469_S761,Cluster_135
P78347_Y920,Cluster_136
P78347_S914,Cluster_136
P78347_S924,Cluster_136
P78347_S925,Cluster_136
Q9ULV5_S298,Cluster_137
P84022_T132,Cluster_138
Q08050_S499,Cluster_139
Q08050_S508,Cluster_139
Q08050_S501,Cluster_139
Q08050_S498,Cluster_139
P08235_S287,Cluster_140
P08235_S283,Cluster_140
P08235_S286,Cluster_140
Q9Y261_T297,Cluster_141
Q9Y261_S306,Cluster_141
Q9Y261_S295,Cluster_141
Q9Y261_S303,Cluster_141
Q9Y261_T301,Cluster_141
Q13761_S395,Cluster_142
Q13761_S397,Cluster_142
Q13761_S393,Cluster_142
P04637_S314,Cluster_143
P04637_S313,Cluster_143
P04637_T312,Cluster_143
P41212_T422,Cluster_144
P15923_S379,Cluster_145
P15923_S381,Cluster_145
Q13469_S367,Cluster_146
Q13469_S363,Cluster_146
P84022_S3,Cluster_147
P84022_T8,Cluster_147
P50548_S373,Cluster_148
P50548_S372,Cluster_148
P15923_S359,Cluster_149
P15923_S352,Cluster_149
P15923_S354,Cluster_149
P15923_T355,Cluster_149
Q13469_S737,Cluster_150
Q13469_S736,Cluster_150
Q04206_S240,Cluster_151
Q04206_S238,Cluster_151
P17676_S231,Cluster_152
P17676_S230,Cluster_152
P17676_S237,Cluster_152
P17676_T235,Cluster_152
P17676_S228,Cluster_152
P04637_S6,Cluster_153
O15119_T441,Cluster_154
O15119_S438,Cluster_154
O15119_S435,Cluster_154
O15119_S432,Cluster_154
O43524_S161,Cluster_155
Q12778_S164,Cluster_155
Q13469_S696,Cluster_156
Q08050_S481,Cluster_157
Q08050_S489,Cluster_157
P67809_T7,Cluster_158
P67809_S3,Cluster_158
P67809_S2,Cluster_158
P08235_S277,Cluster_159
P08235_S273,Cluster_159
P08235_S274,Cluster_159
P15923_S346,Cluster_160
P15923_S350,Cluster_160
P15923_S345,Cluster_160
P15923_S341,Cluster_160
P15923_S351,Cluster_160
P15923_S338,Cluster_160
Q13761_T14,Cluster_161
Q13761_S17,Cluster_161
Q13422_T400,Cluster_162
Q13422_S409,Cluster_162
Q13422_S402,Cluster_162
Q13422_T398,Cluster_162
Q13422_S397,Cluster_162
Q13469_T116,Cluster_163
Q13469_S118,Cluster_163
Q13469_S110,Cluster_163
Q12778_S345,Cluster_164
O94916_S266,Cluster_165
O94916_T261,Cluster_165
P43268_S101,Cluster_166
P41212_S193,Cluster_167
P41212_T187,Cluster_167
P41212_T188,Cluster_167
P41212_S184,Cluster_167
P08235_S259,Cluster_168
P08235_S250,Cluster_168
P08235_S262,Cluster_168
P08235_S263,Cluster_168
P19532_S149,Cluster_169
P19532_S144,Cluster_169
P08151_S544,Cluster_170
P08151_S545,Cluster_170
P19532_S560,Cluster_171
P19532_S564,Cluster_171
P19532_S554,Cluster_171
P19532_S553,Cluster_171
P19532_S556,Cluster_171
P19532_S563,Cluster_171
O15119_S354,Cluster_172
O15119_T359,Cluster_172
O15119_S353,Cluster_172
P19484_S227,Cluster_173
P42224_S127,Cluster_174
P42224_S132,Cluster_174
P42224_T133,Cluster_174
P50548_T3,Cluster_175
P15923_S134,Cluster_176
P15923_S139,Cluster_176
P15923_S127,Cluster_176
P15923_S141,Cluster_176
P78347_S214,Cluster_177
P78347_S207,Cluster_177
P78347_S210,Cluster_177
P10070_S835,Cluster_178
P10070_S831,Cluster_178
P10070_S836,Cluster_178
P10070_S839,Cluster_178
P10070_S832,Cluster_178
Q9ULV5_S210,Cluster_179
P06401_S232,Cluster_180
P06401_S229,Cluster_180
P06401_S227,Cluster_180
P15336_S310,Cluster_181
P15336_S307,Cluster_181
P15336_S314,Cluster_181
P15336_T305,Cluster_181
O15516_S177,Cluster_182
Q13422_T39,Cluster_183
O43524_S425,Cluster_184
O43524_S421,Cluster_184
O43524_T427,Cluster_184
O43524_T433,Cluster_184
Q16236_S410,Cluster_185
O95644_S765,Cluster_186
O95644_S772,Cluster_186
P17676_S218,Cluster_187
P17676_S223,Cluster_187
Q01196_S433,Cluster_188
Q01196_S442,Cluster_188
Q01196_S431,Cluster_188
Q01196_S435,Cluster_188
Q01196_T437,Cluster_188
P41212_S203,Cluster_189
Q01196_S276,Cluster_190
Q01196_S268,Cluster_190
Q01196_T273,Cluster_190
P78347_S839,Cluster_191
P78347_S830,Cluster_191
P78347_S831,Cluster_191
P78347_T837,Cluster_191
P78347_T836,Cluster_191
O43524_S446,Cluster_192
O43524_S439,Cluster_192
O43524_S438,Cluster_192
O43524_S442,Cluster_192
O94916_S561,Cluster_193
O94916_S567,Cluster_193
O94916_S560,Cluster_193
O15119_S680,Cluster_194
O15119_S683,Cluster_194
O15119_S688,Cluster_194
O15516_T414,Cluster_195
O15516_S408,Cluster_195
O15516_S406,Cluster_195
P15923_T508,Cluster_196
P15923_S509,Cluster_196
P15923_S514,Cluster_196
O15119_S371,Cluster_197
O15119_S375,Cluster_197
Q13422_S196,Cluster_198
P98177_S265,Cluster_199
P10070_S867,Cluster_200
P10070_S863,Cluster_200
P10070_S866,Cluster_200
Q13469_S272,Cluster_201
Q13469_S268,Cluster_201
P10275_T303,Cluster_202
P10275_S310,Cluster_202
P10275_S298,Cluster_202
P78347_S103,Cluster_203
P78347_S95,Cluster_203
P78347_T97,Cluster_203
P78347_T111,Cluster_203
P10070_S1194,Cluster_204
P06401_T716,Cluster_205
P06401_S717,Cluster_205
Q13469_S148,Cluster_206
Q08050_S451,Cluster_207
Q13469_T803,Cluster_208
Q13469_S808,Cluster_208
Q13469_S801,Cluster_208
Q13469_S225,Cluster_209
Q13469_S217,Cluster_209
Q13469_T216,Cluster_209
Q13469_T224,Cluster_209
Q13469_S221,Cluster_209
Q13469_S230,Cluster_209
P42224_S604,Cluster_210
P42224_S606,Cluster_210
P52630_S514,Cluster_211
Q14814_S219,Cluster_212
Q14814_S212,Cluster_212
P15336_S437,Cluster_213
P15336_S438,Cluster_213
P15336_S442,Cluster_213
P15336_S446,Cluster_213
P67809_S32,Cluster_214
P67809_T30,Cluster_214
P67809_T29,Cluster_214
P67809_S36,Cluster_214
P42226_S230,Cluster_215
P78347_S17,Cluster_216
P78347_S16,Cluster_216
P78347_S19,Cluster_216
P78347_T8,Cluster_216
P50548_T193,Cluster_217
P50548_S194,Cluster_217
P42224_S508,Cluster_218
P42224_S507,Cluster_218
P06401_T351,Cluster_219
Q9Y261_S309,Cluster_220
Q9Y261_S307,Cluster_220
P10070_S808,Cluster_221
P10070_S809,Cluster_221
Q01196_S295,Cluster_222
Q01196_T296,Cluster_222
P50548_S489,Cluster_223
Q08050_T600,Cluster_224
Q01196_S423,Cluster_225
P03372_S573,Cluster_226
P03372_T574,Cluster_226
P03372_S575,Cluster_226
Q13469_S326,Cluster_227
Q13469_S333,Cluster_227
Q13469_T325,Cluster_227
Q13469_S330,Cluster_227
P41235_S443,Cluster_228
P98177_S241,Cluster_229
O95644_S403,Cluster_230
O95644_T405,Cluster_230
P10275_S293,Cluster_231
P06401_S101,Cluster_232
P06401_S99,Cluster_232
P06401_S100,Cluster_232
P06401_S102,Cluster_232
Q9Y261_S272,Cluster_233
Q13469_S246,Cluster_234
Q13469_S243,Cluster_234
Q13469_S247,Cluster_234
Q13469_S255,Cluster_234
Q13469_S245,Cluster_234
P06401_S79,Cluster_235
P06401_S81,Cluster_235
P04637_T150,Cluster_236
P04637_S149,Cluster_236
Q13422_S17,Cluster_237
Q13422_S21,Cluster_237
O43524_S355,Cluster_238
Q01196_S21,Cluster_239
Q01196_T18,Cluster_239
Q01196_S17,Cluster_239
Q01196_S26,Cluster_239
Q01196_T14,Cluster_239
O15119_S341,Cluster_240
O15119_S340,Cluster_240
O15119_T335,Cluster_240
O15119_S336,Cluster_240
O15119_S339,Cluster_240
Q04206_S112,Cluster_241
P67809_S314,Cluster_242
P67809_S313,Cluster_242
Q14814_S98,Cluster_243
Q9Y261_S416,Cluster_244
O94916_S1530,Cluster_245
P41212_S182,Cluster_246
P52630_S835,Cluster_247
Q14814_S190,Cluster_248
Q14814_S192,Cluster_248
Q9NZI5_T208,Cluster_249
Q9NZI5_T212,Cluster_249
Q9NZI5_S211,Cluster_249
P42224_S532,Cluster_250
P42224_T540,Cluster_250
P42229_S788,Cluster_251
P42229_S794,Cluster_251
P42229_T787,Cluster_251
P42229_S792,Cluster_251
P42229_S774,Cluster_252
P42229_S777,Cluster_252
O95644_S153,Cluster_253
O95644_S158,Cluster_253
O95644_S151,Cluster_253
O95644_T154,Cluster_253
P41235_S143,Cluster_254
P41235_S148,Cluster_254
P41235_S142,Cluster_254
P41235_S147,Cluster_254
P41235_S151,Cluster_254
Q08050_S518,Cluster_255
Q08050_T524,Cluster_255
Q08050_S522,Cluster_255
O43524_S75,Cluster_256
Q13568_T160,Cluster_257
Q13422_S445,Cluster_258
Q13422_S442,Cluster_258
P15336_T323,Cluster_259
P15336_T332,Cluster_259
P15336_S321,Cluster_259
P15336_S328,Cluster_259
P15336_T325,Cluster_259
P42224_S745,Cluster_260
P42224_S740,Cluster_260
P42224_T749,Cluster_260
P78347_S620,Cluster_261
P78347_S517,Cluster_261
P78347_S515,Cluster_261
P19484_S423,Cluster_262
P19484_S427,Cluster_262
P19484_S429,Cluster_262
P78347_T698,Cluster_263
P78347_T705,Cluster_263
P78347_S699,Cluster_263
P78347_T707,Cluster_263
P78347_T703,Cluster_263
Q13422_S105,Cluster_264
O15516_S403,Cluster_265
Q14653_T180,Cluster_266
Q14653_S175,Cluster_266
Q14653_S173,Cluster_266
P42224_S640,Cluster_267
P42224_T643,Cluster_267
P48436_S403,Cluster_268
Q08050_S695,Cluster_269
Q08050_S704,Cluster_269
Q08050_S692,Cluster_269
Q08050_S693,Cluster_269
P04637_T18,Cluster_270
P42224_T385,Cluster_271
Q9NZI5_S196,Cluster_272
P42229_S193,Cluster_273
Q13422_S258,Cluster_274
Q13422_S261,Cluster_274
O94916_S304,Cluster_275
P98177_S64,Cluster_276
P03372_S294,Cluster_277
Q14765_S634,Cluster_278
P08235_S593,Cluster_279
P08235_T594,Cluster_279
P08151_S640,Cluster_280
Q16656_S136,Cluster_281
Q16656_S138,Cluster_281
P52630_S75,Cluster_282
P78347_S818,Cluster_283
P78347_T819,Cluster_283
P78347_S820,Cluster_283
P78347_S821,Cluster_283
P78347_S823,Cluster_283
P48436_S219,Cluster_284
P48436_S228,Cluster_284
P48436_S223,Cluster_284
P48436_S214,Cluster_284
Q08050_S613,Cluster_285
Q08050_S610,Cluster_285
Q08050_T611,Cluster_285
P15336_S90,Cluster_286
P06401_S432,Cluster_287
P19484_S74,Cluster_288
P19484_S81,Cluster_288
P52630_S595,Cluster_289
P52630_T593,Cluster_289
P52630_S603,Cluster_289
P52630_T597,Cluster_289
Q16236_S243,Cluster_290
P78347_S784,Cluster_291
P78347_S412,Cluster_291
P78347_T413,Cluster_291
P78347_T785,Cluster_291
P15923_S328,Cluster_292
P06401_S499,Cluster_293
P06401_S501,Cluster_293
Q14814_S110,Cluster_294
Q14814_S106,Cluster_294
P10070_T945,Cluster_295
P10070_S941,Cluster_295
P15923_T205,Cluster_296
P48436_T240,Cluster_297
P48436_T239,Cluster_297
P48436_S231,Cluster_297
P48436_T243,Cluster_297
P48436_T236,Cluster_297
P04637_S127,Cluster_298
P04637_S121,Cluster_298
P52630_T387,Cluster_299
O43524_S85,Cluster_300
O43524_T87,Cluster_300
O43524_S90,Cluster_300
Q00613_S368,Cluster_301
Q00613_T369,Cluster_301
Q00613_S363,Cluster_301
Q00613_T367,Cluster_301
Q00613_S375,Cluster_301
Q13422_S138,Cluster_302
Q13422_T140,Cluster_302
P98177_S200,Cluster_303
P98177_S201,Cluster_303
Q08050_T726,Cluster_304
Q08050_S730,Cluster_304
Q08050_S717,Cluster_304
Q08050_S732,Cluster_304
Q08050_T719,Cluster_304
P15923_S157,Cluster_305
P15923_S156,Cluster_305
P15923_S154,Cluster_305
O43524_S173,Cluster_306
P19484_S151,Cluster_307
Q01094_S121,Cluster_308
P10070_S1011,Cluster_309
P10070_T1015,Cluster_309
P10070_S1014,Cluster_309
O94916_T439,Cluster_310
O94916_S434,Cluster_310
O94916_S433,Cluster_310
P67809_T43,Cluster_311
P67809_S44,Cluster_311
Q14653_T333,Cluster_312
P06401_S328,Cluster_313
Q9NZI5_S493,Cluster_314
Q9NZI5_S501,Cluster_314
Q14814_S450,Cluster_315
Q14814_S446,Cluster_315
P10070_S220,Cluster_316
P10070_T224,Cluster_316
P04637_S183,Cluster_317
P04637_S185,Cluster_317
P41212_S290,Cluster_318
P41212_S293,Cluster_318
P42226_S755,Cluster_319
P42226_S756,Cluster_319
O15516_S836,Cluster_320
O15516_T834,Cluster_320
P15923_T528,Cluster_321
P15923_S529,Cluster_321
P10070_S1550,Cluster_322
P10070_T1546,Cluster_322
Q12778_T317,Cluster_323
Q12778_S318,Cluster_323
P08151_T601,Cluster_324
P08151_S602,Cluster_324
P42226_S583,Cluster_325
P98177_S30,Cluster_326
Q16254_S353,Cluster_327
P78347_T549,Cluster_328
P78347_T558,Cluster_328
P78347_S547,Cluster_328
P78347_T556,Cluster_328
P78347_T548,Cluster_328
P78347_T552,Cluster_328
P42229_S127,Cluster_329
P42229_S128,Cluster_329
P41235_S167,Cluster_330
P41235_S170,Cluster_330
P41235_T166,Cluster_330
P19532_S377,Cluster_331
P19532_S376,Cluster_331
Q08050_S192,Cluster_332
Q08050_S197,Cluster_332
Q08050_S191,Cluster_332
P19484_T331,Cluster_333
P19484_S334,Cluster_333
P19484_S332,Cluster_333
P19484_T330,Cluster_333
Q08050_S623,Cluster_334
Q08050_T627,Cluster_334
Q08050_T620,Cluster_334
Q13422_S427,Cluster_335
P06401_S20,Cluster_336
P06401_S25,Cluster_336
P78347_S679,Cluster_337
P78347_S677,Cluster_337
P78347_T687,Cluster_337
P78347_S674,Cluster_337
P50548_S362,Cluster_338
P50548_T357,Cluster_338
P15336_T449,Cluster_339
O15119_S381,Cluster_340
Q12778_T478,Cluster_341
Q13422_S296,Cluster_342
Q13422_S298,Cluster_342
Q13422_S295,Cluster_342
Q13422_S289,Cluster_342
Q13422_T291,Cluster_342
Q9Y261_S338,Cluster_343
Q9Y261_S331,Cluster_343
O15119_S409,Cluster_344
O43524_S284,Cluster_345
P98177_T229,Cluster_346
P98177_S230,Cluster_346
P98177_T227,Cluster_346
P10070_S388,Cluster_347
Q13422_S63,Cluster_348
Q13422_T61,Cluster_348
P50548_T441,Cluster_349
P50548_S444,Cluster_349
P50548_S435,Cluster_349
P50548_S431,Cluster_350
P06401_S666,Cluster_351
P78347_S988,Cluster_352
P78347_S987,Cluster_352
Q08050_S376,Cluster_353
P06401_S867,Cluster_354
P52630_S605,Cluster_355
P40763_S194,Cluster_356
P42224_T373,Cluster_357
P78347_S453,Cluster_358
P41212_S131,Cluster_359
P41212_S139,Cluster_359
Q00613_S444,Cluster_360
P06401_S162,Cluster_361
Q13422_S247,Cluster_362
Q14765_S733,Cluster_363
Q14765_T735,Cluster_363
P78347_S668,Cluster_364
O43524_S411,Cluster_365
O43524_S413,Cluster_365
P03372_T594,Cluster_366
Q14814_S201,Cluster_367
Q00613_T120,Cluster_368
Q00613_S123,Cluster_368
P17676_S342,Cluster_369
P17676_S341,Cluster_369
P48436_S33,Cluster_370
P06401_S176,Cluster_371
P06401_S175,Cluster_371
P42226_S817,Cluster_372
P42226_S813,Cluster_372
Q13422_S277,Cluster_373
Q13422_S276,Cluster_373
Q9NZI5_T27,Cluster_374
Q9NZI5_S25,Cluster_374
Q9NZI5_S28,Cluster_374
Q9NZI5_S35,Cluster_374
P43268_S140,Cluster_375
P43268_S149,Cluster_375
Q16254_S16,Cluster_376
Q16254_T14,Cluster_376
P41235_T432,Cluster_377
P41235_T429,Cluster_377
P41235_S436,Cluster_377
P41235_S441,Cluster_377
Q08050_S672,Cluster_378
O95644_S542,Cluster_379
Q12778_T467,Cluster_380
Q12778_S468,Cluster_380
Q12778_S470,Cluster_380
O94916_S220,Cluster_381
P78347_S710,Cluster_382
P03372_T168,Cluster_383
P03372_S167,Cluster_383
O95644_T669,Cluster_384
O95644_S670,Cluster_384
O94916_S1168,Cluster_385
P17676_S65,Cluster_386
Q00613_T355,Cluster_387
Q00613_T357,Cluster_387
P78347_S322,Cluster_388
P78347_S319,Cluster_388
P78347_T202,Cluster_389
Q13469_S859,Cluster_390
Q13469_T862,Cluster_390
Q13469_S856,Cluster_390
P10070_S92,Cluster_391
O94916_S248,Cluster_392
P48436_S494,Cluster_393
P48436_S488,Cluster_393
P48436_T492,Cluster_393
P41212_S47,Cluster_394
P10070_S252,Cluster_395
P10070_T251,Cluster_395
P19484_S133,Cluster_396
P19484_S132,Cluster_396
P06401_S397,Cluster_397
P06401_S554,Cluster_398
P06401_S552,Cluster_398
Q13469_S23,Cluster_399
Q01196_S249,Cluster_400
P10070_S236,Cluster_401
O94916_S17,Cluster_402
P08151_S146,Cluster_403
O95644_S903,Cluster_404
Q9ULV5_S340,Cluster_405
P52630_T800,Cluster_406
Q16656_S487,Cluster_407
P08235_S299,Cluster_408
P08235_S298,Cluster_408
P15336_S266,Cluster_409
P15336_S265,Cluster_409
O95644_S211,Cluster_410
P52630_T136,Cluster_411
P52630_T185,Cluster_412
P52630_S187,Cluster_412
P10070_T818,Cluster_413
P10070_S820,Cluster_413
P10070_S823,Cluster_413
P10070_S824,Cluster_413
O94916_S1014,Cluster_414
P41212_S165,Cluster_415
P41212_T161,Cluster_415
P08235_T708,Cluster_416
P08235_S703,Cluster_416
P41212_S213,Cluster_417
P42226_S846,Cluster_418
O94916_S648,Cluster_419
O94916_S649,Cluster_419
O94916_S646,Cluster_419
P42224_S51,Cluster_420
P06401_S202,Cluster_421
Q04206_S45,Cluster_422
Q9Y261_S223,Cluster_423
Q9NZI5_S539,Cluster_424
Q96RI1_S238,Cluster_425
P42224_S162,Cluster_426
P10070_T990,Cluster_427
O95644_T889,Cluster_428
O95644_S887,Cluster_428
Q9Y261_S212,Cluster_429
P08235_S309,Cluster_430
P08235_S314,Cluster_430
P08235_S311,Cluster_430
P08235_S312,Cluster_430
Q14814_T286,Cluster_431
Q08050_S331,Cluster_432
P08235_T364,Cluster_433
P08235_S361,Cluster_433
P98177_S45,Cluster_434
P15336_S161,Cluster_435
Q08050_S710,Cluster_436
Q16254_S202,Cluster_437
Q16254_S201,Cluster_437
P08235_S183,Cluster_438
Q01196_S329,Cluster_439
P19532_S575,Cluster_440
Q9Y261_S436,Cluster_441
Q9Y261_T431,Cluster_441
Q9Y261_T442,Cluster_441
O95644_T339,Cluster_442
O95644_T338,Cluster_442
Q14814_S121,Cluster_443
Q13469_S776,Cluster_444
P19532_S334,Cluster_445
Q13469_S871,Cluster_446
Q13469_S236,Cluster_447
Q16236_T425,Cluster_448
Q12778_T333,Cluster_449
Q00613_T138,Cluster_450
Q00613_S136,Cluster_450
O43524_S609,Cluster_451
P78347_S146,Cluster_452
Q13761_S385,Cluster_453
P10070_S1378,Cluster_454
O95644_S169,Cluster_455
P42224_S735,Cluster_456
Q9NZI5_S231,Cluster_457
O15119_S456,Cluster_458
Q14814_S508,Cluster_459
P78347_S722,Cluster_460
O94916_S1364,Cluster_461
P08235_S248,Cluster_462
Q14814_S180,Cluster_463
Q13761_S251,Cluster_464
O15516_S19,Cluster_465
O15516_S20,Cluster_465
P19532_S548,Cluster_466
O94916_S744,Cluster_467
Q9ULV5_S438,Cluster_468
P15923_S188,Cluster_469
Q16254_S285,Cluster_470
P52630_S849,Cluster_471
Q13568_T10,Cluster_472
P78347_S7,Cluster_473
P41212_T4,Cluster_474
P41212_S2,Cluster_474
P42224_S2,Cluster_475
Q9NZI5_T2,Cluster_476
P10070_S1101,Cluster_477
P03372_S154,Cluster_478
